Username,Name,Email,RoomType,RoomNo,CheckIn,CheckOut,Nights
Chirag123,deepak,deepak@gmail.com,Single,102,2025-06-09,2025-06-17,8
khush,khush,iamchiragbelani@gmail.com,Single,104,2025-06-10,2025-06-13,3
Chirag123,Chirag,chirag@gmail.com,Double,201,2025-06-09,2025-06-12,3
khush,Mahi_Dhirwani,mahi.dhirwani@gmail.com,Double,202,2025-06-09,2025-06-19,10
Prasanna,Prasanna,prasanna.bhalerao22@vit.edu,Double,203,2025-06-10,2025-06-12,2
Chirag123,HImanshi,himanshibelani@gmail.com,Suite,301,2025-06-09,2025-06-15,6
